device,n_layer,n_head,n_embd,batch_size,block_size,param_count_m,avg_cpu_power,avg_gpu_power,total_power,final_loss,training_time,avg_step_time,steps_per_second,steps_per_second_watt,flops_per_step,flops_per_second,flops_per_watt,total_steps_time,forward_total_time_s,backward_total_time_s,optimizer_step_time_s,zero_grad_time_s,gradient_clipping_time_s,embedding_time_s,transformer_blocks_time_s,final_layernorm_time_s,output_head_time_s,loss_calculation_time_s,block_total_time_s,block_attention_time_s,block_mlp_time_s,block_layernorm1_time_s,block_layernorm2_time_s,block_residual1_time_s,block_residual2_time_s,attention_total_time_s,attention_qkv_proj_time_s,attention_reshape_time_s,attention_compute_time_s,attention_output_reassemble_time_s,mlp_total_time_s,mlp_fc1_time_s,mlp_activation_time_s,mlp_fc2_time_s,mlp_dropout_time_s,io_time_s,first_data_load_time_s,dynamic_learing_rate_loop_time_s,loss_evaluation_time_s,accumulation_time_s,data_loading_time_s,profiling_n_printing_time_s,loss_time_s,mfu_time_s
cpu,2,2,128,1,64,0.419072,173.5,0.4,173.9,2.5985,1.4517838954925537,0.0026347761194029846,379.5388885741801,2182.512297723865,326041600,123745466492.94739,711589801.5695652,0.5295899999999999,0.219764,0.146569,0.188279,0.005102,0.043527,0.004644,0.096998,0.004009,0.007279,0.004648,0.09571,0.035949,0.039455,0.008272,0.008042,0.001138,0.001157,0.034624,0.010754,0.003024,0.011466,0.007878,0.03832,0.008362,0.01739,0.009872,0.001418,0.31917,0.005722,0.000203,0.014112,0.509085,0.018316,0.000142,0.000238,0.005207
mps,2,2,128,1,64,0.419072,202.16666666666666,43.46666666666667,245.63333333333333,2.5985,2.477372884750366,0.007585621890547265,131.8283476857894,536.6875329859794,326041600,42981525404.83107,174982461.95480147,1.5247100000000002,0.423102,0.28312,0.196125,0.004052,0.109272,0.040862,0.160147,0.001639,0.028607,0.025905,0.158794,0.124435,0.023812,0.003524,0.003304,0.001207,0.001112,0.123271,0.008226,0.002789,0.100714,0.010188,0.022982,0.005823,0.009634,0.005226,0.001186,0.329725,0.007797,0.000262,0.076464,1.038318,0.253126,0.000164,0.345802,0.006834
cpu,2,2,128,1,128,0.427264,180.16666666666666,0.2,180.36666666666665,2.7138,1.5139410495758057,0.0028807462686567193,347.1322729392256,1924.5921619251096,673054720,233639014766.07404,1295355838.6586993,0.5790300000000006,0.253959,0.180248,0.188318,0.004692,0.044322,0.004849,0.113819,0.004411,0.007309,0.004797,0.111994,0.038778,0.051316,0.008799,0.00864,0.001448,0.001354,0.037472,0.009657,0.002607,0.015816,0.00796,0.050138,0.010407,0.025498,0.011831,0.001199,0.321343,0.004278,0.000212,0.014736,0.557615,0.015883,0.000146,0.000191,0.00544
mps,2,2,128,1,128,0.427264,220.86666666666667,55.333333333333336,276.2,2.7138,2.477660894393921,0.007643830845771141,130.82445440995573,473.65841567688534,673054720,88052016532.04552,318798032.3390497,1.5364099999999994,0.445053,0.29526,0.191257,0.00415,0.111691,0.041571,0.168642,0.001695,0.030354,0.027536,0.167197,0.131112,0.024655,0.003858,0.003745,0.001247,0.001155,0.129954,0.00862,0.002907,0.106324,0.010744,0.023737,0.005768,0.009903,0.00562,0.001304,0.330701,0.005917,0.000301,0.075582,1.03844,0.232447,0.000154,0.386238,0.006602
cpu,2,2,128,1,256,0.443648,229.66666666666666,0.26666666666666666,229.93333333333334,2.7372,1.724614143371582,0.0038524875621890513,259.5725447149224,1128.9034997749595,1429995520,371187576057.3387,1614326947.1905131,0.7743499999999993,0.402435,0.289729,0.184246,0.005703,0.048693,0.006488,0.186297,0.005034,0.00948,0.005784,0.18307,0.071062,0.084807,0.009999,0.009971,0.003038,0.002444,0.069703,0.017253,0.002869,0.037388,0.010681,0.083643,0.020956,0.039018,0.021119,0.001336,0.316748,0.007148,0.000241,0.02125,0.745741,0.021615,0.000167,0.0,0.00623
mps,2,2,128,1,256,0.443648,180.6,86.0,266.6,2.7372,2.793484926223755,0.009162985074626864,109.13474068282514,409.3576169648355,1429995520,156062190252.8017,585379558.3375907,1.8417599999999996,0.482764,0.314292,0.214316,0.004516,0.120567,0.04255,0.182989,0.001812,0.033762,0.030412,0.181493,0.143763,0.025679,0.003939,0.003951,0.00138,0.001225,0.142456,0.009109,0.003092,0.116372,0.012387,0.024686,0.006009,0.010346,0.005699,0.001374,0.332837,0.005333,0.000292,0.080333,1.270238,0.394046,0.000183,0.430584,0.007439
cpu,2,2,128,1,512,0.476416,410.96666666666664,1.8666666666666667,412.8333333333333,2.5581,2.4195590019226074,0.00733258706467662,136.37751467245644,330.3452111565356,3195535360,435799170444.75336,1055629803.257376,1.4738500000000005,0.836706,0.714378,0.211437,0.008765,0.056874,0.015474,0.396938,0.006494,0.013302,0.007526,0.392002,0.181957,0.166341,0.012279,0.011983,0.009153,0.008205,0.180652,0.03284,0.003142,0.123501,0.019554,0.165124,0.047689,0.075444,0.03916,0.001524,0.324472,0.005229,0.000351,0.039075,1.425887,0.02913,0.00017,0.0,0.006462
mps,2,2,128,1,512,0.476416,225.26666666666668,198.56666666666666,423.83333333333337,2.5581,2.885685920715332,0.009262238805970149,107.9652577469101,254.7351736065515,3195535360,345006798781.76514,814015254.6954741,1.86171,0.482843,0.316816,0.204427,0.004488,0.115553,0.042751,0.181972,0.001727,0.035175,0.032302,0.180505,0.143758,0.024801,0.003907,0.003918,0.001391,0.001183,0.142474,0.008882,0.002952,0.117058,0.012115,0.023844,0.005808,0.010238,0.005394,0.001228,0.337887,0.006251,0.000333,0.091646,1.387305,0.523908,0.000226,0.77939,0.008368
cpu,2,2,128,2,64,0.419072,175.63333333333333,0.6333333333333333,176.26666666666665,2.5966,1.498509168624878,0.002818258706467663,354.82902889826454,2013.023991480321,652083200,231378048616.8728,1312659126.0412602,0.5664700000000003,0.252338,0.167523,0.186496,0.004603,0.044344,0.004901,0.112512,0.004378,0.007388,0.004859,0.110429,0.036241,0.052218,0.008862,0.008745,0.001395,0.001355,0.034946,0.009762,0.002706,0.012777,0.008243,0.051026,0.00991,0.025244,0.013481,0.001229,0.313953,0.004169,0.000223,0.014361,0.545523,0.018887,0.000147,0.000238,0.005625
mps,2,2,128,2,64,0.419072,216.6,54.333333333333336,270.93333333333334,2.5966,2.425442934036255,0.007383084577114431,135.4447439353099,499.9190844069017,652083200,88321242048.51747,325988836.30112255,1.4840000000000007,0.433542,0.303922,0.187492,0.004055,0.107508,0.040169,0.165353,0.001872,0.029904,0.026211,0.163953,0.126179,0.02721,0.003601,0.00322,0.001133,0.001195,0.124899,0.009943,0.002843,0.100101,0.010618,0.026358,0.006205,0.010639,0.007231,0.001181,0.330641,0.006248,0.00027,0.075643,1.027934,0.227928,0.000149,0.387764,0.006276
cpu,2,2,128,2,128,0.427264,217.1,0.26666666666666666,217.36666666666667,2.5619,1.687577724456787,0.00363313432835821,275.24443348944203,1266.2679044139336,1346109440,370509130227.5901,1704535179.7006137,0.7302600000000002,0.378639,0.256258,0.18459,0.006376,0.047766,0.006105,0.173598,0.004971,0.009998,0.005629,0.16994,0.05907,0.083128,0.010034,0.010118,0.003388,0.002446,0.057745,0.017101,0.002815,0.025608,0.010729,0.081949,0.019037,0.038697,0.021629,0.001285,0.322818,0.005092,0.000237,0.020054,0.702725,0.023191,0.000169,0.000191,0.006462
mps,2,2,128,2,128,0.427264,188.13333333333333,79.33333333333333,267.46666666666664,2.5619,2.744310140609741,0.008992089552238803,111.20885687254142,415.7858557049156,1346109440,149699292047.73688,559693265.3828647,1.8074099999999993,0.482481,0.328661,0.206423,0.004421,0.116577,0.042058,0.184037,0.001797,0.03307,0.029367,0.182536,0.142293,0.028724,0.00386,0.003585,0.00127,0.001244,0.140872,0.010382,0.003053,0.11403,0.011992,0.027771,0.006965,0.010539,0.00759,0.001446,0.330108,0.006332,0.000313,0.085409,1.265129,0.386674,0.000164,0.410986,0.006834
cpu,2,2,128,2,256,0.443648,338.4,0.4666666666666667,338.8666666666666,2.6143,2.067492961883545,0.005539303482587065,180.52811208909648,532.7408383506685,2859991040,516308783042.93164,1523634024.325,1.1134,0.662035,0.472326,0.191891,0.007493,0.051017,0.012146,0.311855,0.006093,0.012838,0.007179,0.308237,0.117324,0.149486,0.011804,0.011723,0.008259,0.007703,0.116021,0.030104,0.002931,0.065068,0.016347,0.148338,0.041171,0.070245,0.034231,0.001383,0.322808,0.005151,0.000288,0.034267,1.07109,0.028559,0.000167,0.000191,0.006416
mps,2,2,128,2,256,0.443648,178.16666666666666,146.06666666666666,324.23333333333335,2.6143,3.305144786834717,0.011603980099502484,86.1773280740868,265.78799652746005,2859991040,246466386143.02872,760151288.608087,2.3323999999999994,0.539081,0.376689,0.234931,0.005121,0.132104,0.044898,0.203896,0.00201,0.038042,0.033997,0.202252,0.159058,0.030307,0.004304,0.004108,0.001452,0.001359,0.157436,0.011486,0.003428,0.12633,0.014519,0.029285,0.007873,0.010883,0.007706,0.001492,0.329078,0.006274,0.000324,0.088821,1.614381,0.61429,0.000208,0.689411,0.007811
cpu,2,2,128,2,512,0.476416,713.4,0.6,714.0,2.5747,3.077177047729492,0.010588706467661694,94.44024187978366,132.2692463302292,6391070720,603574264667.603,845342107.3775953,2.1283300000000005,1.400962,1.044273,0.214344,0.010995,0.058286,0.01733,0.679332,0.008571,0.022626,0.01036,0.676712,0.33178,0.290518,0.016769,0.016935,0.010241,0.008441,0.330397,0.06339,0.003109,0.23402,0.028353,0.289313,0.085511,0.135103,0.065922,0.001448,0.317064,0.005169,0.000357,0.068312,2.050918,0.048802,0.000168,0.0,0.007206
mps,2,2,128,2,512,0.476416,169.13333333333333,392.73333333333335,561.8666666666667,2.5747,3.3816041946411133,0.012038656716417916,83.06574591800043,147.83889282985365,6391070720,530879056571.49207,944848819.2420955,2.419770000000001,0.54797,0.380918,0.23724,0.005146,0.133072,0.044848,0.208475,0.002203,0.037995,0.033344,0.2068,0.16251,0.031221,0.004311,0.004026,0.001487,0.001451,0.160914,0.011762,0.003414,0.129409,0.014618,0.030141,0.007929,0.011092,0.008128,0.001538,0.329625,0.006279,0.00031,0.115181,1.826776,0.814997,0.000663,0.263357,0.008601
cpu,2,2,128,4,64,0.419072,207.1,0.3333333333333333,207.43333333333334,2.5267,1.6494221687316895,0.0034670149253731328,288.432562744845,1390.483188549791,1304166400,376164056997.71857,1813421454.271502,0.6968699999999997,0.350509,0.237907,0.180577,0.005233,0.047454,0.005882,0.159487,0.004967,0.00963,0.005761,0.156503,0.050331,0.079521,0.00994,0.009721,0.002851,0.002421,0.048982,0.015149,0.002837,0.018888,0.010551,0.07836,0.017353,0.038149,0.020282,0.001371,0.322628,0.005225,0.000248,0.018755,0.670469,0.028126,0.000172,0.000191,0.00623
mps,2,2,128,4,64,0.419072,193.1,73.8,266.9,2.5267,2.6861770153045654,0.00866009950248756,115.47211434611764,432.64186716417254,1304166400,150594851667.16458,564236986.388777,1.7406799999999996,0.470098,0.320137,0.206884,0.00436,0.116348,0.042501,0.177373,0.001767,0.033592,0.029778,0.175916,0.137714,0.026865,0.003824,0.003476,0.001281,0.001246,0.136317,0.010361,0.003024,0.10971,0.011708,0.02592,0.006848,0.009726,0.006874,0.001297,0.327886,0.006304,0.000297,0.079355,1.216404,0.352892,0.000162,0.381374,0.006834
cpu,2,2,128,4,128,0.427264,321.93333333333334,0.8,322.73333333333335,2.4637,2.026988983154297,0.005349950248756218,186.91762605315532,579.170500061419,2692218880,503223161865.08466,1559253755.0043936,1.0753399999999997,0.633937,0.442883,0.189521,0.00794,0.049979,0.011814,0.29752,0.006077,0.012611,0.007232,0.294303,0.0981,0.153014,0.011895,0.011927,0.008607,0.008842,0.096764,0.031385,0.002983,0.043537,0.017334,0.151876,0.04161,0.070438,0.037132,0.001422,0.321286,0.005138,0.000277,0.032672,1.034466,0.037551,0.000182,0.000191,0.00702
mps,2,2,128,4,128,0.427264,181.1,124.0,305.1,2.4637,3.128523111343384,0.010819353233830847,92.42696660213637,302.9399102003814,2692218880,248833624507.401,815580545.7469714,2.1746900000000005,0.517522,0.357773,0.220166,0.004796,0.124878,0.044145,0.195331,0.001972,0.036581,0.03251,0.19376,0.152232,0.029145,0.004114,0.003952,0.001379,0.001279,0.150658,0.011043,0.003209,0.120972,0.013912,0.02813,0.007509,0.010508,0.007379,0.001449,0.328867,0.006471,0.000323,0.087257,1.482731,0.534651,0.000193,0.487232,0.007764
cpu,2,2,128,4,256,0.443648,579.5,0.6,580.1,2.5246,2.8013861179351807,0.009197661691542285,108.72328571505848,187.42162681444316,5719982080,621895245968.8545,1072048346.7830623,1.8487299999999993,1.180737,0.88325,0.204093,0.010649,0.056442,0.014695,0.565921,0.008467,0.023374,0.010225,0.563377,0.215467,0.292492,0.016421,0.017462,0.01063,0.008813,0.21408,0.063292,0.003232,0.121587,0.02442,0.291269,0.086655,0.134278,0.067554,0.001465,0.320142,0.004175,0.000366,0.059061,1.780743,0.056971,0.000164,0.000143,0.006834
mps,2,2,128,4,256,0.443648,184.26666666666668,298.53333333333336,482.80000000000007,2.5246,3.0397748947143555,0.010417960199004974,95.98808028614954,198.81541070039256,5719982080,549050099130.37665,1137220586.4340856,2.09401,0.507772,0.348428,0.2156,0.004665,0.12315,0.043783,0.192166,0.002025,0.035877,0.031724,0.19061,0.149611,0.028766,0.004051,0.003891,0.001368,0.001343,0.148038,0.01083,0.003139,0.118987,0.01354,0.027713,0.007303,0.010449,0.007305,0.001409,0.330157,0.006578,0.000295,0.095304,1.559201,0.632526,0.000178,0.503397,0.009996
cpu,2,2,128,4,512,0.476416,1328.2666666666667,0.6666666666666666,1328.9333333333334,2.5316,5.027155160903931,0.020242338308457716,49.4014073256634,37.17372879928519,12782141440,631455775771.6818,475159859.3646647,4.068710000000001,2.947774,2.128407,0.235038,0.019729,0.064252,0.024376,1.457953,0.013423,0.035936,0.016013,1.453621,0.767292,0.582809,0.027475,0.028033,0.020609,0.02521,0.765229,0.130851,0.003505,0.576295,0.052823,0.581401,0.181289,0.266306,0.130482,0.001903,0.321906,0.0041,0.000426,0.133478,3.924997,0.060013,0.000161,0.000191,0.007392
mps,2,2,128,4,512,0.476416,157.73333333333332,1449.4666666666667,1607.2,2.5316,3.585038185119629,0.013115920398009948,76.24321966392294,47.43853886505907,12782141440,974551617585.2523,606366113.4801221,2.6362999999999994,0.566902,0.399774,0.237776,0.005124,0.134992,0.046214,0.215279,0.002276,0.040315,0.035299,0.213521,0.167599,0.032288,0.004493,0.00425,0.001516,0.001549,0.165926,0.012124,0.00356,0.13335,0.015157,0.031142,0.008289,0.011447,0.008363,0.001612,0.334717,0.005319,0.000339,0.163604,1.917747,0.876142,0.000182,0.488997,0.007811
cpu,2,2,128,8,64,0.419072,297.8,0.4,298.2,2.5098,1.98583984375,0.005162835820895523,193.6920008094591,649.5372260545242,2608332800,505213198808.9387,1694209251.53903,1.03773,0.600878,0.417402,0.189342,0.00783,0.049233,0.011339,0.280783,0.006127,0.012429,0.007258,0.277556,0.082557,0.152376,0.011917,0.011824,0.008212,0.008701,0.081209,0.031388,0.00307,0.029589,0.015641,0.151203,0.041794,0.070041,0.036772,0.001338,0.317636,0.004273,0.000269,0.032393,0.997208,0.042523,0.000178,0.000191,0.006648
mps,2,2,128,8,64,0.419072,179.26666666666668,117.33333333333333,296.6,2.5098,3.2252278327941895,0.011228905472636826,89.05587480782089,300.2558152657481,2608332800,232287359293.93292,783167091.3483914,2.257010000000002,0.524147,0.365364,0.231436,0.00501,0.131026,0.04495,0.200542,0.002023,0.034271,0.030115,0.198832,0.154217,0.031732,0.0043,0.004071,0.001441,0.001391,0.152632,0.011565,0.003395,0.122838,0.013215,0.030663,0.007729,0.011617,0.008458,0.001495,0.331078,0.006457,0.000336,0.085984,1.515127,0.538875,0.000208,0.540209,0.008183
cpu,2,2,128,8,128,0.427264,595.4666666666667,140.5,735.9666666666667,2.4894,2.7044601440429688,0.008697164179104478,114.98000720770193,156.2299115100801,5384437760,619102692454.2224,841210234.7763337,1.7481300000000002,1.103504,0.829507,0.202849,0.010521,0.055463,0.014521,0.524888,0.008703,0.024209,0.010462,0.52243,0.173603,0.293202,0.016898,0.017346,0.010535,0.008834,0.172254,0.063792,0.003151,0.078334,0.025442,0.291891,0.086535,0.1339,0.068617,0.001481,0.321757,0.00414,0.00035,0.055619,1.683525,0.05292,0.000178,0.000238,0.006834
mps,2,2,128,8,128,0.427264,1005.2666666666667,267.46666666666664,1272.7333333333333,inf,135.49486589431763,inf,0.0,0.0,5384437760,0.0,0.0,0.0,0.0,0.0,0.0,0.0,0.0,0.0,0.0,0.0,0.0,0.0,0.0,0.0,0.0,0.0,0.0,0.0,0.0,0.0,0.0,0.0,0.0,0.0,0.0,0.0,0.0,0.0,0.0,0.0,0.0,0.0,0.0,0.0,0.0,0.0,0.0,0.0
cpu,2,2,128,8,256,0.443648,1629.9666666666667,44.233333333333334,1674.2,2.5041,6.066644906997681,0.02168,46.125461254612546,27.550747374634177,11439964160,527673623616.23615,315179562.5470291,4.35768,2.721308,2.06798,0.255319,0.024847,0.067186,0.027983,1.330033,0.016225,0.046725,0.022571,1.325228,0.508433,0.691203,0.034224,0.034899,0.023703,0.030465,0.506397,0.147829,0.003736,0.296216,0.056754,0.68975,0.19666,0.336206,0.153075,0.00214,0.470336,0.011094,0.000442,0.202515,4.1442,0.426753,0.000145,0.000191,0.006881
mps,2,2,128,8,256,0.443648,231.86666666666667,990.3,1222.1666666666665,2.5041,3.3926329612731934,0.01204547263681592,83.01874323665712,67.92751389880577,11439964160,949731447235.5999,777088324.48024,2.42114,0.578026,0.375427,0.225348,0.00475,0.130046,0.067063,0.21505,0.002067,0.041233,0.036642,0.213396,0.169542,0.030842,0.00436,0.004078,0.001467,0.001427,0.167984,0.011872,0.003442,0.136556,0.014485,0.029819,0.007562,0.011753,0.007614,0.001571,0.337021,0.008297,0.00031,0.251611,1.687426,0.698323,0.000183,0.401354,0.007439
cpu,2,2,128,8,512,0.476416,2817.1,27.666666666666668,2844.7666666666664,2.5206,10.793203830718994,0.048577910447761184,20.585488152590703,7.236265945393543,25564282880,526253242355.71735,184989949.62295118,9.764159999999999,6.83332,5.506073,0.378641,0.077792,0.080709,0.050093,3.399244,0.029823,0.082171,0.034248,3.372816,1.677032,1.450627,0.060113,0.062984,0.054555,0.063933,1.672141,0.324202,0.004477,1.205137,0.135363,1.448414,0.434554,0.60765,0.398424,0.004867,0.337439,0.006457,0.000528,0.331353,9.419955,0.102612,0.000165,0.0,0.008183
mps,2,2,128,8,512,0.476416,179.63333333333333,3085.8333333333335,3265.4666666666667,2.5206,5.521159887313843,0.022471243781094524,44.50131954161427,13.627859073214937,25564282880,1137644321295.099,348386444.3964413,4.516719999999999,0.743482,0.541866,0.308598,0.006806,0.17535,0.053462,0.283919,0.002778,0.050238,0.043974,0.281707,0.220031,0.044075,0.005868,0.005587,0.001974,0.001845,0.217798,0.016183,0.004677,0.173277,0.021381,0.042614,0.011935,0.015655,0.011168,0.002008,0.344834,0.006461,0.000452,0.226355,3.026416,1.639294,0.000262,1.215363,0.010135
cpu,2,2,128,16,64,0.419072,511.96666666666664,21.833333333333332,533.8,2.4911,2.7046682834625244,0.008571691542288555,116.66308745088256,218.55205592147354,5216665600,608592315094.8107,1140112991.934827,1.7229099999999995,1.082412,0.797747,0.20258,0.010819,0.055743,0.014336,0.51288,0.008672,0.025532,0.010468,0.510186,0.15336,0.300588,0.016872,0.017451,0.010958,0.008932,0.151981,0.065657,0.00315,0.053695,0.027843,0.299386,0.089235,0.134459,0.072856,0.001504,0.322618,0.005483,0.000353,0.056749,1.657057,0.068061,0.000168,0.0,0.00716
mps,2,2,128,16,64,0.419072,186.03333333333333,230.4,416.43333333333334,2.4911,3.303715944290161,0.011506368159203985,86.90839595638147,208.6970206268666,5216665600,453372039536.8343,1088702568.3266652,2.312780000000001,0.530576,0.365556,0.232319,0.004963,0.131093,0.044661,0.200492,0.002049,0.038376,0.033875,0.198797,0.156099,0.030032,0.004196,0.003928,0.00145,0.001397,0.154548,0.011385,0.003394,0.123906,0.014252,0.029017,0.007689,0.0108,0.007757,0.001441,0.337447,0.006221,0.000311,0.11175,1.595927,0.616065,0.00021,0.696039,0.007625
cpu,2,2,128,16,128,0.427264,967.6,23.633333333333333,991.2333333333333,2.4534,4.510499000549316,0.017734179104477603,56.3882880684066,56.886997412388546,10768875520,607238454994.5719,612608993.8405743,3.564569999999998,2.419269,1.851364,0.243296,0.027127,0.065706,0.024925,1.171164,0.014415,0.04249,0.017387,1.167083,0.391049,0.659488,0.029894,0.030964,0.023475,0.029865,0.388869,0.151679,0.003974,0.172568,0.058785,0.658006,0.205248,0.284186,0.164533,0.002316,0.319066,0.004333,0.000533,0.109817,3.442822,0.087389,0.000151,0.0,0.006602
mps,2,2,128,16,128,0.427264,213.43333333333334,599.4333333333333,812.8666666666666,2.4534,3.3814351558685303,0.011991094527363185,83.39522282290754,102.59397542390005,10768875520,898072773542.5543,1104821750.4419188,2.41021,0.520652,0.364471,0.221073,0.004748,0.126542,0.044021,0.198399,0.001922,0.036233,0.032233,0.196783,0.154861,0.029383,0.004233,0.003895,0.001418,0.001343,0.153309,0.011215,0.003287,0.123395,0.013749,0.028325,0.00751,0.010585,0.007462,0.00141,0.341009,0.006703,0.000308,0.153565,1.682892,0.724945,0.000178,0.486374,0.007253
cpu,2,2,128,16,256,0.443648,2039.0666666666666,16.733333333333334,2055.7999999999997,2.5078,7.836968898773193,0.03412253731343284,29.306144229970123,14.255347908342314,22879928320,670522479317.298,326161338.319534,6.858630000000001,4.650334,3.904874,0.271548,0.034435,0.064968,0.039083,2.302517,0.025406,0.065945,0.027944,2.286233,0.894816,1.184687,0.051914,0.053972,0.045041,0.0532,0.890618,0.270118,0.004014,0.507222,0.107106,1.183203,0.373843,0.527467,0.277822,0.002429,0.32483,0.004024,0.000481,0.245705,6.601526,0.10656,0.000165,0.000191,0.007997
mps,2,2,128,16,256,0.443648,164.7,2359.0,2523.7,2.5078,4.551702976226807,0.017744378109452744,56.355877553538065,22.33065639875503,22879928320,1289418438835.648,510923817.7420644,3.5666200000000012,0.637994,0.45482,0.272281,0.005841,0.157101,0.050243,0.241879,0.002442,0.044173,0.039228,0.239826,0.187726,0.036372,0.005278,0.004968,0.001775,0.00167,0.18582,0.013856,0.004153,0.14848,0.017282,0.034983,0.009301,0.012943,0.009304,0.001825,0.340119,0.005709,0.000384,0.18979,2.358765,1.168279,0.000222,0.933981,0.009345
cpu,2,2,128,16,512,0.476416,3290.8333333333335,18.4,3309.2333333333336,inf,26.296679973602295,inf,0.0,0.0,51128565760,0.0,0.0,0.0,0.0,0.0,0.0,0.0,0.0,0.0,0.0,0.0,0.0,0.0,0.0,0.0,0.0,0.0,0.0,0.0,0.0,0.0,0.0,0.0,0.0,0.0,0.0,0.0,0.0,0.0,0.0,0.0,0.0,0.0,0.0,0.0,0.0,0.0,0.0,0.0
mps,2,2,128,16,512,0.476416,156.43333333333334,6249.066666666667,6405.5,2.5001,9.371757745742798,0.04132766169154226,24.196868612207275,3.777514419203384,51128565760,1237151188025.3196,193138894.39158842,8.306859999999995,1.039943,0.837151,0.397669,0.008795,0.24197,0.068255,0.399189,0.004022,0.067041,0.058147,0.396013,0.30711,0.064066,0.00842,0.007766,0.002684,0.002703,0.303993,0.023031,0.006559,0.242562,0.028732,0.062062,0.016896,0.022787,0.017034,0.002786,0.352087,0.006701,0.000642,0.321088,5.260813,3.270566,0.000325,2.559185,0.015761
cpu,2,2,128,32,64,0.419072,903.1333333333333,19.366666666666667,922.5,2.3685,4.309221982955933,0.016399203980099492,60.97856952163681,66.10143037575806,10433331200,636209611921.4624,689658115.9040242,3.2962399999999983,2.214875,1.656697,0.229837,0.020253,0.063086,0.02226,1.072078,0.014069,0.041459,0.017295,1.067005,0.317358,0.638468,0.028054,0.02961,0.022117,0.029124,0.315114,0.14387,0.003717,0.108987,0.05672,0.637049,0.197535,0.278676,0.156823,0.002258,0.331165,0.005381,0.000458,0.108803,3.176091,0.139626,0.000173,0.000191,0.007997
mps,2,2,128,32,64,0.419072,176.8,502.56666666666666,679.3666666666667,2.3685,3.40415620803833,0.012036517412935327,83.08050956045862,122.29111853264112,10433331200,866806472509.0312,1275903742.469503,2.4193400000000005,0.537372,0.364727,0.226604,0.00483,0.129219,0.045322,0.205399,0.001989,0.036575,0.03257,0.203752,0.16091,0.02998,0.004311,0.004044,0.001462,0.001346,0.159325,0.01143,0.003424,0.128488,0.01433,0.028983,0.007616,0.0109,0.00764,0.001511,0.345205,0.006558,0.000335,0.167356,1.639176,0.664725,0.000185,0.493383,0.007811
cpu,2,2,128,32,128,0.427264,1848.5666666666666,15.566666666666666,1864.1333333333332,2.4251,7.653104305267334,0.033203184079601974,30.11759346942691,16.15635155001086,21537751040,648665230068.4467,347971477.39885205,6.673839999999997,4.484939,3.770105,0.276725,0.038958,0.065959,0.039673,2.211293,0.02579,0.066404,0.028218,2.19483,0.750621,1.234476,0.051667,0.05465,0.046438,0.054354,0.746878,0.28797,0.004335,0.341289,0.111151,1.232806,0.3929,0.542244,0.293195,0.00265,0.32611,0.005645,0.000539,0.232565,6.429029,0.133742,0.000161,0.000238,0.00795
mps,2,2,128,32,128,0.427264,176.96666666666667,2002.7666666666667,2179.733333333333,2.4251,4.2222740650177,0.01607253731343283,62.21792990732317,28.543826419435025,21537751040,1340034284568.0967,614769827.1507663,3.230579999999999,0.583667,0.398472,0.241769,0.00526,0.139563,0.047563,0.223469,0.002272,0.040506,0.035968,0.22161,0.173248,0.033854,0.004858,0.004571,0.001622,0.001545,0.171458,0.012823,0.003738,0.137102,0.016003,0.032706,0.008695,0.012135,0.008615,0.001728,0.341902,0.007033,0.000356,0.283349,2.032647,0.976721,0.000185,0.851774,0.007997
cpu,2,2,128,32,256,0.443648,4030.266666666667,21.6,4051.866666666667,2.4392,14.617929935455322,0.06780238805970153,14.748743054882926,3.639987262220604,45759856640,674900367811.6383,166565295.29064092,13.628280000000007,10.204188,7.692668,0.304637,0.050947,0.068029,0.07252,5.038718,0.050092,0.137271,0.054988,5.001407,1.956596,2.634092,0.104436,0.104834,0.096265,0.101784,1.954292,0.647905,0.005283,1.056519,0.240942,2.631794,0.840896,1.128836,0.654535,0.004587,0.330309,0.000596,0.000545,0.454088,13.160396,0.136552,0.000169,0.000238,0.008183
mps,2,2,128,32,256,0.443648,147.36666666666667,4813.8,4961.166666666667,2.4392,7.452465772628784,0.031894278606965164,31.35358577389542,6.3198009420960295,45759856640,1434735590163.398,289193185.1036513,6.4107499999999975,0.88766,0.634458,0.350089,0.00775,0.207505,0.060966,0.337293,0.003249,0.06099,0.053611,0.33472,0.260607,0.053118,0.006966,0.006562,0.002383,0.002245,0.258004,0.019208,0.005709,0.205895,0.024461,0.051492,0.014395,0.018681,0.013891,0.002349,0.345304,0.005667,0.000565,0.252086,3.931449,2.304826,0.000314,2.081156,0.013297
cpu,2,2,128,32,512,0.476416,3848.6666666666665,15.466666666666667,3864.133333333333,inf,44.561317920684814,inf,0.0,0.0,102257131520,0.0,0.0,0.0,0.0,0.0,0.0,0.0,0.0,0.0,0.0,0.0,0.0,0.0,0.0,0.0,0.0,0.0,0.0,0.0,0.0,0.0,0.0,0.0,0.0,0.0,0.0,0.0,0.0,0.0,0.0,0.0,0.0,0.0,0.0,0.0,0.0,0.0,0.0,0.0
mps,2,2,128,32,512,0.476416,97.1,10722.033333333333,10819.133333333333,inf,17.09703803062439,inf,0.0,0.0,102257131520,0.0,0.0,0.0,0.0,0.0,0.0,0.0,0.0,0.0,0.0,0.0,0.0,0.0,0.0,0.0,0.0,0.0,0.0,0.0,0.0,0.0,0.0,0.0,0.0,0.0,0.0,0.0,0.0,0.0,0.0,0.0,0.0,0.0,0.0,0.0,0.0,0.0,0.0,0.0
cpu,4,4,256,1,64,3.199488,502.1666666666667,24.433333333333334,526.6,2.3695,2.9445180892944336,0.009457810945273634,105.73271191255218,200.78372941996233,2473984000,261581037548.2635,496735734.04531616,1.9010200000000006,0.811765,0.507711,0.686999,0.031985,0.19127,0.00913,0.391447,0.004575,0.009969,0.006233,0.382741,0.128299,0.208361,0.01848,0.017553,0.003338,0.003534,0.125824,0.053953,0.006204,0.031458,0.031349,0.206119,0.062441,0.04896,0.089552,0.002612,0.367388,0.004166,0.000387,0.035217,1.852808,0.036839,0.00022,0.000191,0.010693
mps,4,4,256,1,64,3.199488,257.3666666666667,283.9,541.2666666666667,2.3694,4.528654098510742,0.01712199004975125,58.40442595132382,107.9032379935777,2473984000,144491615332.75992,266950884.34430334,3.4415200000000006,0.813599,0.546455,0.354936,0.005667,0.187749,0.044768,0.348041,0.002025,0.034136,0.030445,0.34499,0.264923,0.056124,0.008116,0.007382,0.002589,0.002684,0.262329,0.017984,0.006297,0.213678,0.021423,0.054165,0.01157,0.023343,0.013997,0.002772,0.386475,0.007703,0.000332,0.110961,1.678397,0.198044,0.000246,1.777601,0.01074
cpu,4,4,256,1,128,3.215872,570.4,15.633333333333333,586.0333333333333,2.5496,3.2630603313446045,0.011142288557213933,89.74816931594926,153.1451612239621,5006688256,449341105311.66266,766750080.1632376,2.2396000000000007,1.11021,0.703468,0.661917,0.029182,0.204752,0.011096,0.545763,0.005082,0.010858,0.006408,0.531297,0.176563,0.298998,0.020869,0.019907,0.005619,0.005947,0.1739,0.07121,0.00602,0.060286,0.033318,0.296613,0.082518,0.078354,0.130327,0.002843,0.366004,0.00511,0.000421,0.052016,2.17302,0.034689,0.00023,0.000191,0.011344
mps,4,4,256,1,128,3.215872,255.83333333333334,383.5,639.3333333333334,2.5496,3.9740850925445557,0.01466199004975125,68.20356558739894,106.67919539217769,5006688256,341473990843.75604,534109474.7295454,2.9470600000000013,0.786718,0.525652,0.345498,0.005605,0.182601,0.043845,0.335833,0.001809,0.034119,0.031131,0.333082,0.26114,0.048914,0.007701,0.007215,0.00247,0.002582,0.258654,0.017036,0.006068,0.211859,0.02089,0.046891,0.011068,0.018698,0.011912,0.002741,0.38215,0.006996,0.000298,0.130987,1.675925,0.244498,0.000228,1.2362,0.010368
cpu,4,4,256,1,256,3.24864,856.2333333333333,20.233333333333334,876.4666666666667,2.8004,4.141764879226685,0.015557512437810955,64.27762818749876,73.33721935137152,10248257536,658733687468.7402,751578710.8869783,3.127060000000002,1.784177,1.216151,0.665463,0.036551,0.211578,0.01818,0.886478,0.006342,0.013295,0.007159,0.865705,0.306633,0.47386,0.024591,0.02352,0.016269,0.016852,0.303973,0.109238,0.00659,0.140288,0.044717,0.471261,0.143112,0.14287,0.179605,0.003063,0.361196,0.005151,0.000466,0.084783,3.027504,0.035967,0.000244,0.000238,0.011855
mps,4,4,256,1,256,3.24864,339.93333333333334,1131.0333333333333,1470.9666666666667,2.8005,3.2864301204681396,0.011296169154228857,88.52558653706402,60.18191203317366,10248257536,907233009357.2864,616759733.524861,2.2705300000000004,0.70534,0.475192,0.311876,0.005033,0.159005,0.040069,0.302652,0.001516,0.031554,0.028903,0.300359,0.238091,0.042128,0.006381,0.006538,0.002334,0.002166,0.235935,0.014407,0.005052,0.193713,0.020182,0.040483,0.010101,0.015887,0.010132,0.002242,0.378447,0.006196,0.00025,0.163428,1.560126,0.278673,0.000254,0.401354,0.009159
cpu,4,4,256,1,512,3.314176,1652.3666666666666,18.033333333333335,1670.3999999999999,2.6982,6.405706167221069,0.02682338308457711,37.280905128442924,22.31854952612723,21436039168,799154942551.7946,478421301.81501114,5.391499999999999,3.409501,2.565917,0.680577,0.059862,0.216849,0.022243,1.726748,0.008558,0.018788,0.008592,1.706843,0.742642,0.846284,0.033128,0.034083,0.022355,0.024213,0.739838,0.193693,0.006504,0.462603,0.073702,0.84375,0.278224,0.273571,0.286091,0.003166,0.364594,0.004072,0.00047,0.165584,5.210654,0.052255,0.000239,0.0,0.013111
mps,4,4,256,1,512,3.314176,286.6666666666667,2318.8,2605.4666666666667,2.6982,4.563794374465942,0.017611194029850747,56.782067036738844,21.793434459625473,21436039168,1217182613039.5356,467164914.68177253,3.53985,0.80066,0.541804,0.359628,0.00575,0.188889,0.044134,0.343185,0.001885,0.034106,0.030984,0.340413,0.267945,0.04906,0.007587,0.00756,0.002676,0.002472,0.265322,0.017418,0.006365,0.2156,0.022927,0.047124,0.011671,0.018299,0.011921,0.002636,0.384223,0.006404,0.000341,0.228546,2.324194,0.849828,0.00024,0.889587,0.01074
cpu,4,4,256,2,64,3.199488,547.3,15.933333333333334,563.2333333333332,2.6162,3.2252020835876465,0.011009203980099505,90.83308855096367,161.27079697750548,4947968000,449439215491.3346,797962742.779194,2.2128500000000004,1.093507,0.680867,0.654139,0.032733,0.203146,0.010526,0.536033,0.005125,0.011288,0.006357,0.519341,0.160057,0.303406,0.020622,0.02001,0.005623,0.006133,0.157387,0.070666,0.006101,0.04141,0.036196,0.30075,0.087325,0.07815,0.129836,0.002863,0.354651,0.007534,0.000431,0.049405,2.148922,0.045702,0.000243,0.0,0.011855
mps,4,4,256,2,64,3.199488,281.8666666666667,369.6333333333333,651.5,2.6162,3.973405361175537,0.014683482587064681,68.10373452418867,104.53374447304478,4947968000,336975099106.1807,517229622.57280236,2.951380000000001,0.796544,0.554315,0.341393,0.005508,0.17973,0.04328,0.340711,0.001784,0.034206,0.03056,0.338185,0.262046,0.053657,0.007281,0.007123,0.002497,0.002478,0.259164,0.019135,0.005773,0.20774,0.023752,0.051811,0.014063,0.018698,0.014143,0.00253,0.377816,0.006196,0.000292,0.114316,1.702028,0.243636,0.000238,1.118612,0.010554
cpu,4,4,256,2,128,3.215872,802.8,19.7,822.5,2.539,4.041358947753906,0.0150455223880597,66.46495709538218,80.80845847462878,10013376512,665538640249.9877,809165520.0607753,3.0241499999999997,1.66233,1.170008,0.654325,0.038502,0.209549,0.016107,0.825783,0.006374,0.013093,0.007096,0.806944,0.261621,0.459928,0.024441,0.023564,0.016284,0.017196,0.258934,0.105944,0.006425,0.097436,0.045998,0.457504,0.144128,0.142354,0.165484,0.002948,0.357562,0.005232,0.000456,0.080088,2.929224,0.053863,0.000241,0.000191,0.012088
mps,4,4,256,2,128,3.215872,363.93333333333334,999.3,1363.2333333333333,2.539,3.2852988243103027,0.011307014925373138,88.4406721491083,64.87566727322906,10013376512,885589749203.3735,649624482.8740789,2.272710000000001,0.73083,0.507287,0.312634,0.004869,0.157188,0.04076,0.314341,0.001522,0.032285,0.029049,0.312016,0.245617,0.046088,0.006351,0.006812,0.002399,0.002032,0.242928,0.016703,0.005013,0.195081,0.023439,0.044368,0.012661,0.015546,0.011854,0.002184,0.378526,0.005576,0.000262,0.157693,1.589673,0.264951,0.000237,0.472021,0.008601
cpu,4,4,256,2,256,3.24864,1390.2333333333333,15.4,1405.6333333333334,2.6077,5.868940830230713,0.02412805970149254,41.445520790805276,29.48530019028571,20496515072,849488741555.6296,604345899.7526355,4.849740000000001,3.023474,2.24036,0.680321,0.060038,0.217416,0.019844,1.523222,0.00874,0.019982,0.008558,1.504419,0.53601,0.847055,0.033377,0.034548,0.023519,0.025843,0.533343,0.191081,0.00682,0.26296,0.069258,0.844577,0.278568,0.271269,0.288731,0.003232,0.361027,0.005388,0.000429,0.14368,4.691208,0.039426,0.00024,0.0,0.011855
mps,4,4,256,2,256,3.24864,306.8,1963.5,2270.3,2.6077,4.110087156295776,0.0153552736318408,65.12420579249029,28.685286434607885,20496515072,1334819265577.807,587948405.7515776,3.0864100000000008,0.773768,0.540818,0.334223,0.005594,0.173451,0.042755,0.332198,0.001707,0.033502,0.0299,0.329709,0.25644,0.051361,0.007042,0.007081,0.002445,0.002331,0.253724,0.018589,0.005766,0.202814,0.023813,0.04958,0.013884,0.017328,0.013537,0.002485,0.38538,0.005256,0.000294,0.160274,2.063654,0.645037,0.000251,0.751829,0.009763
cpu,4,4,256,2,512,3.314176,2992.1666666666665,19.433333333333334,3011.6,2.5129,10.710540771484375,0.04835472636815919,20.68050168221992,6.866948360413042,42872078336,886616088147.9121,294400348.03689474,9.719299999999997,6.599875,5.088364,0.728935,0.13157,0.223002,0.027156,3.384846,0.013952,0.027117,0.011731,3.371747,1.505456,1.649557,0.054609,0.056548,0.047207,0.053982,1.500938,0.412959,0.007456,0.944721,0.132105,1.646782,0.563832,0.55148,0.524282,0.004096,0.361733,0.005315,0.000514,0.33136,9.370455,0.049598,0.000739,0.000763,0.047235
mps,4,4,256,2,512,3.314176,216.43333333333334,4358.766666666666,4575.2,2.5129,6.934751987457275,0.029298507462686585,34.13143148242484,7.460096057532969,42872078336,1463285404234.3342,319829822.5726382,5.889000000000004,1.084197,0.761162,0.455746,0.007296,0.233978,0.051768,0.469031,0.002376,0.044055,0.039058,0.465345,0.363951,0.070624,0.010319,0.009734,0.003304,0.00331,0.360154,0.026597,0.00818,0.288713,0.032712,0.068117,0.018772,0.023471,0.01916,0.00346,0.384228,0.005361,0.000397,0.252108,3.756881,1.780488,0.000313,1.811981,0.013669
cpu,4,4,256,4,64,3.199488,758.1333333333333,16.9,775.0333333333333,2.6164,4.003649950027466,0.014836218905472638,67.40261830668526,86.96737986325567,9895936000,667011996995.3856,860623625.2144669,2.9820800000000003,1.672846,1.131268,0.655997,0.038696,0.209709,0.015764,0.829887,0.006473,0.014238,0.007197,0.810954,0.24315,0.480312,0.024835,0.023954,0.01626,0.018403,0.240495,0.112511,0.006352,0.066067,0.052472,0.477851,0.147086,0.141614,0.183475,0.003063,0.357977,0.005398,0.000455,0.079276,2.887924,0.043614,0.000246,0.0,0.012692
mps,4,4,256,4,64,3.199488,338.43333333333334,949.4666666666667,1287.9,2.6164,3.344296932220459,0.011606019900497516,86.16218208941146,66.90129830686502,9895936000,852655439577.1621,662050966.3616446,2.3328100000000007,0.739711,0.510719,0.321013,0.004957,0.162532,0.040432,0.316989,0.00158,0.033499,0.030189,0.314716,0.247493,0.046565,0.006485,0.00674,0.002394,0.002074,0.244903,0.017101,0.005165,0.197133,0.02291,0.044915,0.012637,0.015696,0.012067,0.002268,0.377473,0.004295,0.00026,0.134011,1.59786,0.250573,0.000218,0.480747,0.008415
cpu,4,4,256,4,128,3.215872,1280.1333333333334,16.233333333333334,1296.3666666666668,2.5881,5.708658933639526,0.023365771144278593,42.797645916551005,33.013534686599215,20026753024,857097884779.3691,661153905.6177797,4.696519999999997,2.918463,2.14101,0.681077,0.058663,0.215809,0.019092,1.467016,0.008921,0.020875,0.008622,1.450715,0.475123,0.849457,0.035141,0.035531,0.024079,0.027374,0.472206,0.204252,0.006694,0.179821,0.078241,0.846945,0.28063,0.270828,0.289448,0.003304,0.355539,0.005215,0.000439,0.136249,4.545346,0.044307,0.000244,0.000191,0.01246
mps,4,4,256,4,128,3.215872,309.46666666666664,1764.0666666666666,2073.5333333333333,2.5881,4.011473894119263,0.01474149253731343,67.83573627085697,32.71504498160482,20026753024,1358529536497.6514,655176126.0156503,2.9630399999999995,0.768707,0.531209,0.328051,0.005375,0.169818,0.042665,0.331403,0.001646,0.03298,0.029504,0.329003,0.25685,0.050768,0.006941,0.00682,0.002451,0.002263,0.254144,0.018317,0.005598,0.204568,0.022996,0.048925,0.013604,0.017129,0.013396,0.002447,0.376921,0.005416,0.000287,0.237956,1.925923,0.530614,0.000221,0.717831,0.009531
cpu,4,4,256,4,256,3.24864,2473.9666666666667,21.133333333333333,2495.1,2.4931,9.886730909347534,0.044085124378109464,22.683388424249326,9.091174070878653,40993030144,929860825443.3132,372674772.7318798,8.861110000000002,5.964605,4.548642,0.75,0.11064,0.227579,0.026696,3.039433,0.014202,0.029445,0.011798,3.022284,1.105324,1.700353,0.053849,0.056833,0.047501,0.05397,1.100957,0.424029,0.007679,0.526961,0.138608,1.697448,0.589802,0.557656,0.542314,0.004474,0.3598,0.005124,0.0005,0.28236,8.561794,0.067952,0.000246,0.000191,0.012088
mps,4,4,256,4,256,3.24864,225.06666666666666,3603.4666666666667,3828.5333333333333,2.4931,5.9393630027771,0.024450049751243794,40.899712277645946,10.682866966718137,40993030144,1676603138278.4673,437923087.5910185,4.914460000000003,0.985244,0.681831,0.413721,0.006586,0.210805,0.048375,0.426469,0.002168,0.040472,0.035934,0.423266,0.331453,0.063936,0.009236,0.008774,0.003048,0.003066,0.327953,0.024004,0.007535,0.263569,0.02945,0.061641,0.016911,0.021506,0.017226,0.003106,0.381124,0.00639,0.000378,0.23307,3.094333,1.312649,0.000314,1.557589,0.012692
cpu,4,4,256,4,512,3.314176,3342.5333333333333,19.166666666666668,3361.7,inf,30.836687803268433,inf,0.0,0.0,85744156672,0.0,0.0,0.0,0.0,0.0,0.0,0.0,0.0,0.0,0.0,0.0,0.0,0.0,0.0,0.0,0.0,0.0,0.0,0.0,0.0,0.0,0.0,0.0,0.0,0.0,0.0,0.0,0.0,0.0,0.0,0.0,0.0,0.0,0.0,0.0,0.0,0.0,0.0,0.0
mps,4,4,256,4,512,3.314176,198.1,8557.766666666666,8755.866666666667,2.5484,11.476562976837158,0.051757412935323384,19.320903872255183,2.2066238109597203,85744156672,1656654608667.2998,189205097.76309595,10.40324,1.553545,1.112952,0.581909,0.009743,0.317667,0.065763,0.675702,0.003285,0.058739,0.051304,0.67088,0.524357,0.104301,0.014213,0.013279,0.004731,0.004523,0.519025,0.038892,0.011344,0.41343,0.050004,0.100865,0.028852,0.034895,0.027674,0.005066,0.38371,0.006399,0.000549,0.373894,6.347959,3.573951,0.000411,3.549623,0.019712
cpu,4,4,256,8,64,3.199488,1221.9,20.2,1242.1000000000001,2.553,5.582532167434692,0.02255059701492538,44.34472397063981,35.701412100990105,19791872000,877665100702.2349,706597778.5220472,4.532670000000001,2.772586,2.048847,0.669321,0.058567,0.216061,0.017631,1.393045,0.008799,0.020327,0.008751,1.376773,0.401745,0.854705,0.033464,0.034145,0.022327,0.026328,0.39882,0.195625,0.006667,0.113267,0.080032,0.852161,0.281588,0.271779,0.292858,0.003193,0.365744,0.004312,0.000452,0.131625,4.385799,0.05806,0.000249,0.000191,0.012274
mps,4,4,256,8,64,3.199488,307.76666666666665,1757.9333333333334,2065.7,2.553,3.783392906188965,0.013683283582089553,73.08187351382011,35.37874498417976,19791872000,1446427086105.718,700211592.2475278,2.75034,0.739271,0.515958,0.323601,0.005221,0.167714,0.042953,0.315531,0.001898,0.033652,0.029883,0.313082,0.243116,0.049052,0.006896,0.006513,0.002274,0.00238,0.240504,0.01787,0.005349,0.192481,0.022231,0.047329,0.012666,0.01666,0.013332,0.002461,0.380725,0.006613,0.000257,0.191351,1.816483,0.45793,0.000231,0.663233,0.009298
cpu,4,4,256,8,128,3.215872,2273.9666666666667,19.066666666666666,2293.0333333333333,2.4921,9.444086074829102,0.041867164179104494,23.885066486043268,10.416362526802896,40053506048,956680654955.6161,417211839.46546036,8.415300000000004,5.609854,4.312096,0.71325,0.131757,0.221805,0.023238,2.857646,0.014426,0.029316,0.011871,2.844189,0.929587,1.695614,0.055391,0.057839,0.045973,0.055269,0.925124,0.421683,0.007338,0.351905,0.140451,1.692704,0.585758,0.555054,0.544071,0.004423,0.356346,0.006698,0.000501,0.267286,8.131112,0.064813,0.000251,0.0,0.012692
mps,4,4,256,8,128,3.215872,240.36666666666667,3252.7,3493.0666666666666,2.4921,5.491150140762329,0.022124427860696516,45.19890892982026,12.939606724698526,40053506048,1810374772183.5571,518276616.20645386,4.44701,0.920449,0.639669,0.389241,0.006234,0.198906,0.04694,0.397367,0.002046,0.038161,0.033879,0.39442,0.30751,0.060966,0.008493,0.008276,0.002884,0.002826,0.304245,0.022583,0.007001,0.243999,0.027399,0.058751,0.016301,0.020501,0.016187,0.002885,0.386778,0.006534,0.000339,0.217393,2.75423,1.083227,0.000263,1.384974,0.01246
cpu,4,4,256,8,256,3.24864,4301.533333333334,13.0,4314.533333333334,inf,17.29337430000305,inf,0.0,0.0,81986060288,0.0,0.0,0.0,0.0,0.0,0.0,0.0,0.0,0.0,0.0,0.0,0.0,0.0,0.0,0.0,0.0,0.0,0.0,0.0,0.0,0.0,0.0,0.0,0.0,0.0,0.0,0.0,0.0,0.0,0.0,0.0,0.0,0.0,0.0,0.0,0.0,0.0,0.0,0.0
mps,4,4,256,8,256,3.24864,196.7,7144.133333333333,7340.833333333333,2.497,9.627910852432251,0.04256019900497514,23.496130736679675,3.2007443392003188,81986060288,1926355191112.1497,262416418.3601521,8.554600000000002,1.325909,0.952868,0.550614,0.008726,0.28475,0.060662,0.573855,0.003048,0.053534,0.047318,0.569603,0.445147,0.086316,0.012642,0.012153,0.004215,0.004058,0.440497,0.032093,0.00999,0.353858,0.039862,0.083105,0.023046,0.028504,0.023211,0.004347,0.381798,0.006411,0.000491,0.365129,5.049526,2.616213,0.000408,3.059387,0.017713
cpu,4,4,256,8,512,3.314176,3337.1,20.066666666666666,3357.1666666666665,inf,56.83625793457031,inf,0.0,0.0,171488313344,0.0,0.0,0.0,0.0,0.0,0.0,0.0,0.0,0.0,0.0,0.0,0.0,0.0,0.0,0.0,0.0,0.0,0.0,0.0,0.0,0.0,0.0,0.0,0.0,0.0,0.0,0.0,0.0,0.0,0.0,0.0,0.0,0.0,0.0,0.0,0.0,0.0,0.0,0.0
mps,4,4,256,8,512,3.314176,134.03333333333333,11677.233333333334,11811.266666666666,inf,20.58204674720764,inf,0.0,0.0,171488313344,0.0,0.0,0.0,0.0,0.0,0.0,0.0,0.0,0.0,0.0,0.0,0.0,0.0,0.0,0.0,0.0,0.0,0.0,0.0,0.0,0.0,0.0,0.0,0.0,0.0,0.0,0.0,0.0,0.0,0.0,0.0,0.0,0.0,0.0,0.0,0.0,0.0,0.0,0.0
cpu,4,4,256,16,64,3.199488,2184.733333333333,25.066666666666666,2209.7999999999997,2.3511,9.071838855743408,0.03996656716417913,25.02091300191203,11.322704770527666,39583744000,990421414913.9574,448195047.02414584,8.033280000000005,5.325894,4.047842,0.720514,0.127257,0.220353,0.022335,2.710786,0.014258,0.029806,0.01201,2.68934,0.803974,1.67103,0.055066,0.056419,0.04432,0.054083,0.799634,0.418414,0.007488,0.233191,0.136908,1.668132,0.580959,0.552,0.527887,0.004112,0.36013,0.004362,0.000513,0.261855,7.754408,0.087619,0.000246,0.000191,0.01246
mps,4,4,256,16,64,3.199488,253.3,3117.4333333333334,3370.7333333333336,2.3511,5.230708122253418,0.020821044776119388,48.0283295460248,14.248629243693202,39583744000,1901141101497.482,564014092.3332653,4.185029999999997,0.873724,0.610814,0.387343,0.005916,0.191544,0.046901,0.37494,0.001891,0.037378,0.033288,0.372181,0.291001,0.057093,0.007989,0.007663,0.002665,0.002529,0.288001,0.021604,0.006619,0.230462,0.026173,0.0551,0.015312,0.019164,0.015403,0.002735,0.383325,0.005599,0.000332,0.20316,2.561992,0.952803,0.000251,1.309013,0.01074
cpu,4,4,256,16,128,3.215872,4172.933333333333,13.3,4186.233333333334,inf,16.300052404403687,inf,0.0,0.0,80107012096,0.0,0.0,0.0,0.0,0.0,0.0,0.0,0.0,0.0,0.0,0.0,0.0,0.0,0.0,0.0,0.0,0.0,0.0,0.0,0.0,0.0,0.0,0.0,0.0,0.0,0.0,0.0,0.0,0.0,0.0,0.0,0.0,0.0,0.0,0.0,0.0,0.0,0.0,0.0
mps,4,4,256,16,128,3.215872,231.6,6427.3,6658.900000000001,2.4227,8.75069785118103,0.03824029850746267,26.150423480738468,3.9271386386247675,80107012096,2094832290087.0388,314591342.42698324,7.686299999999997,1.229315,0.866296,0.508914,0.007917,0.259503,0.058126,0.532922,0.002668,0.049555,0.043823,0.529146,0.414935,0.080396,0.011133,0.010851,0.003759,0.003659,0.410805,0.029721,0.008744,0.331377,0.036848,0.077538,0.021939,0.026961,0.02117,0.003927,0.381621,0.00634,0.000443,0.358012,4.423329,2.19333,0.00035,2.772379,0.015435
cpu,4,4,256,16,256,3.24864,4313.733333333334,16.7,4330.433333333333,inf,33.49108409881592,inf,0.0,0.0,163972120576,0.0,0.0,0.0,0.0,0.0,0.0,0.0,0.0,0.0,0.0,0.0,0.0,0.0,0.0,0.0,0.0,0.0,0.0,0.0,0.0,0.0,0.0,0.0,0.0,0.0,0.0,0.0,0.0,0.0,0.0,0.0,0.0,0.0,0.0,0.0,0.0,0.0,0.0,0.0
mps,4,4,256,16,256,3.24864,172.83333333333334,12712.266666666666,12885.1,inf,16.77019190788269,inf,0.0,0.0,163972120576,0.0,0.0,0.0,0.0,0.0,0.0,0.0,0.0,0.0,0.0,0.0,0.0,0.0,0.0,0.0,0.0,0.0,0.0,0.0,0.0,0.0,0.0,0.0,0.0,0.0,0.0,0.0,0.0,0.0,0.0,0.0,0.0,0.0,0.0,0.0,0.0,0.0,0.0,0.0
cpu,4,4,256,16,512,3.314176,3990.5333333333333,18.666666666666668,4009.2,inf,100.01537990570068,inf,0.0,0.0,342976626688,0.0,0.0,0.0,0.0,0.0,0.0,0.0,0.0,0.0,0.0,0.0,0.0,0.0,0.0,0.0,0.0,0.0,0.0,0.0,0.0,0.0,0.0,0.0,0.0,0.0,0.0,0.0,0.0,0.0,0.0,0.0,0.0,0.0,0.0,0.0,0.0,0.0,0.0,0.0
mps,4,4,256,16,512,3.314176,191.53333333333333,13900.533333333333,14092.066666666666,inf,37.699671030044556,inf,0.0,0.0,342976626688,0.0,0.0,0.0,0.0,0.0,0.0,0.0,0.0,0.0,0.0,0.0,0.0,0.0,0.0,0.0,0.0,0.0,0.0,0.0,0.0,0.0,0.0,0.0,0.0,0.0,0.0,0.0,0.0,0.0,0.0,0.0,0.0,0.0,0.0,0.0,0.0,0.0,0.0,0.0
cpu,4,4,256,32,64,3.199488,4068.0,27.333333333333332,4095.3333333333335,inf,16.16593313217163,inf,0.0,0.0,79167488000,0.0,0.0,0.0,0.0,0.0,0.0,0.0,0.0,0.0,0.0,0.0,0.0,0.0,0.0,0.0,0.0,0.0,0.0,0.0,0.0,0.0,0.0,0.0,0.0,0.0,0.0,0.0,0.0,0.0,0.0,0.0,0.0,0.0,0.0,0.0,0.0,0.0,0.0,0.0
mps,4,4,256,32,64,3.199488,223.53333333333333,6155.533333333334,6379.0666666666675,2.1087,8.223994016647339,0.035616716417910456,28.07670387877568,4.401381165286825,79167488000,2222762117402.5273,348446290.58627075,7.158960000000001,1.175647,0.81941,0.481976,0.007625,0.252218,0.057214,0.508255,0.002684,0.046999,0.041583,0.504357,0.394651,0.076514,0.010894,0.01058,0.003736,0.003611,0.390578,0.028558,0.008774,0.313709,0.035446,0.073828,0.020505,0.025399,0.020616,0.003812,0.379432,0.005623,0.000448,0.335554,4.037688,1.914606,0.000378,2.644062,0.015389
cpu,4,4,256,32,128,3.215872,3559.366666666667,19.6,3578.9666666666667,inf,41.353604793548584,inf,0.0,0.0,160214024192,0.0,0.0,0.0,0.0,0.0,0.0,0.0,0.0,0.0,0.0,0.0,0.0,0.0,0.0,0.0,0.0,0.0,0.0,0.0,0.0,0.0,0.0,0.0,0.0,0.0,0.0,0.0,0.0,0.0,0.0,0.0,0.0,0.0,0.0,0.0,0.0,0.0,0.0,0.0
mps,4,4,256,32,128,3.215872,201.2,12836.533333333333,13037.733333333334,2.2065,15.089561939239502,0.06966636815920399,14.354128490159923,1.100968099528542,160214024192,2299732689177.558,176390529.73248607,14.00294,1.828159,1.382184,0.645425,0.010561,0.340512,0.074897,0.788016,0.00396,0.067014,0.05828,0.782252,0.604863,0.126125,0.016784,0.016331,0.005893,0.005456,0.598407,0.046351,0.013521,0.47152,0.060636,0.121949,0.034645,0.042303,0.033969,0.005563,0.381204,0.005609,0.000713,0.47079,7.697613,4.421151,0.000373,5.791616,0.025152
cpu,4,4,256,32,256,3.24864,4022.5666666666666,24.0,4046.5666666666666,inf,77.96473503112793,inf,0.0,0.0,327944241152,0.0,0.0,0.0,0.0,0.0,0.0,0.0,0.0,0.0,0.0,0.0,0.0,0.0,0.0,0.0,0.0,0.0,0.0,0.0,0.0,0.0,0.0,0.0,0.0,0.0,0.0,0.0,0.0,0.0,0.0,0.0,0.0,0.0,0.0,0.0,0.0,0.0,0.0,0.0
mps,4,4,256,32,256,3.24864,109.46666666666667,13038.433333333332,13147.9,inf,31.394853115081787,inf,0.0,0.0,327944241152,0.0,0.0,0.0,0.0,0.0,0.0,0.0,0.0,0.0,0.0,0.0,0.0,0.0,0.0,0.0,0.0,0.0,0.0,0.0,0.0,0.0,0.0,0.0,0.0,0.0,0.0,0.0,0.0,0.0,0.0,0.0,0.0,0.0,0.0,0.0,0.0,0.0,0.0,0.0
cpu,4,4,256,32,512,3.314176,4477.766666666666,18.966666666666665,4496.733333333333,inf,166.93994903564453,inf,0.0,0.0,685953253376,0.0,0.0,0.0,0.0,0.0,0.0,0.0,0.0,0.0,0.0,0.0,0.0,0.0,0.0,0.0,0.0,0.0,0.0,0.0,0.0,0.0,0.0,0.0,0.0,0.0,0.0,0.0,0.0,0.0,0.0,0.0,0.0,0.0,0.0,0.0,0.0,0.0,0.0,0.0
mps,4,4,256,32,512,3.314176,150.46666666666667,14366.266666666666,14516.733333333334,inf,72.93110871315002,inf,0.0,0.0,685953253376,0.0,0.0,0.0,0.0,0.0,0.0,0.0,0.0,0.0,0.0,0.0,0.0,0.0,0.0,0.0,0.0,0.0,0.0,0.0,0.0,0.0,0.0,0.0,0.0,0.0,0.0,0.0,0.0,0.0,0.0,0.0,0.0,0.0,0.0,0.0,0.0,0.0,0.0,0.0
cpu,6,6,384,1,64,10.700544,1359.9666666666667,7.866666666666666,1367.8333333333333,2.8406,7.15094780921936,0.02835412935323383,35.268231570155706,25.784012357857225,8255766528,291166285698.64435,212866786.18153602,5.69918,2.140679,1.624593,2.049265,0.195969,0.614706,0.014548,1.064991,0.006183,0.015081,0.00874,0.993588,0.347266,0.557428,0.036256,0.031838,0.007191,0.00818,0.342962,0.174046,0.009593,0.067429,0.087156,0.55323,0.202823,0.11023,0.230879,0.005224,0.565785,0.006765,0.000464,0.08913,5.588869,0.062162,0.001043,0.000811,0.081267
mps,6,6,384,1,64,10.700544,394.73333333333335,1619.8666666666666,2014.6,2.8241,5.448010206222534,0.02129900497512437,46.95055009226602,23.305147469604897,8255766528,387612779922.9171,192401856.409668,4.281099999999999,1.114444,0.730297,0.479241,0.00652,0.239004,0.069557,0.491687,0.001841,0.037137,0.033795,0.487905,0.382807,0.071476,0.010946,0.010824,0.003776,0.00359,0.379153,0.025212,0.009038,0.308148,0.032531,0.068576,0.016942,0.027138,0.017291,0.003738,0.465497,0.005432,0.000312,0.164025,2.167873,0.197666,0.000352,1.947975,0.014087
cpu,6,6,384,1,128,10.72512,1496.2333333333333,0.3333333333333333,1496.5666666666666,2.7503,7.421798944473267,0.0315023383084577,31.743675349061995,21.21099985459741,16624779264,527731595706.2338,352628190.551418,6.331969999999997,2.793861,2.171966,1.855044,0.1334,0.617469,0.020174,1.399425,0.006304,0.013833,0.007245,1.356875,0.465632,0.76748,0.035642,0.034306,0.023448,0.024334,0.461548,0.201028,0.009844,0.149694,0.096096,0.76368,0.252963,0.17608,0.325401,0.004998,0.436156,0.005181,0.00047,0.115289,6.195511,0.061118,0.000327,0.000191,0.018132
mps,6,6,384,1,128,10.72512,380.5,2473.6,2854.1,2.7504,5.153609991073608,0.020080497512437803,49.79956295308933,17.448429611117106,16624779264,827906741538.7821,290076290.78826326,4.036179999999998,1.039639,0.699174,0.460253,0.006263,0.236426,0.042476,0.466659,0.00171,0.033031,0.030202,0.463065,0.365807,0.065435,0.010288,0.010091,0.003585,0.003474,0.362215,0.023287,0.008728,0.295051,0.031021,0.062814,0.015642,0.024489,0.015646,0.003706,0.472588,0.006525,0.000297,0.126754,2.124781,0.225911,0.000322,1.662827,0.012878
cpu,6,6,384,1,256,10.774272,2166.9,0.6,2167.5,2.6246,9.175048828125,0.04018850746268657,24.88273546681126,11.479924090801042,33702543360,838611470985.6163,386902639.4397307,8.07789,4.187418,3.248268,1.834784,0.107847,0.610133,0.022017,2.134898,0.007839,0.015218,0.007688,2.110646,0.765145,1.193021,0.044256,0.042326,0.029207,0.030607,0.760958,0.309499,0.01058,0.30882,0.127201,1.189235,0.409337,0.313502,0.457264,0.005008,0.439584,0.005177,0.000455,0.200497,7.857141,0.046331,0.000312,0.0,0.017155
mps,6,6,384,1,256,10.774272,344.6666666666667,3703.233333333333,4047.8999999999996,2.6246,6.3214640617370605,0.025870298507462672,38.65436650108753,9.549239482469314,33702543360,1302750463056.234,321833657.712946,5.1999299999999975,1.153371,0.772,0.504776,0.00686,0.252625,0.045722,0.517126,0.001897,0.037226,0.033972,0.513188,0.403049,0.074823,0.011498,0.011243,0.003845,0.003874,0.399315,0.026352,0.009321,0.324962,0.034225,0.07193,0.017854,0.027488,0.018555,0.004213,0.461857,0.006145,0.000338,0.198601,2.744511,0.655851,0.00034,2.135944,0.015435
cpu,6,6,384,1,512,10.872576,4098.033333333334,0.3333333333333333,4098.366666666667,2.5973,14.85142469406128,0.06853288557213937,14.591535022224855,3.5603293236065228,69217026048,1009982659713.6421,246435407.53153095,13.775110000000012,8.204478,6.731043,1.838265,0.157412,0.621781,0.028776,4.231915,0.010955,0.023917,0.009069,4.214668,1.816039,2.170702,0.063169,0.063568,0.04699,0.047811,1.810119,0.562019,0.010852,1.032826,0.19931,2.166783,0.756744,0.615797,0.784574,0.005402,0.435475,0.004255,0.000525,0.414988,13.338557,0.078652,0.000277,0.0,0.016551
mps,6,6,384,1,512,10.872576,282.3666666666667,6925.6,7207.966666666667,2.5972,9.661489009857178,0.04236139303482587,23.60640027059277,3.2750429298960086,69217026048,1633964822429.1338,226688731.78693026,8.51464,1.434453,0.985188,0.61804,0.008162,0.319397,0.052164,0.64704,0.002419,0.044074,0.040026,0.64188,0.504847,0.092109,0.014276,0.014713,0.005031,0.004755,0.500108,0.03182,0.011577,0.407053,0.043965,0.088412,0.022438,0.033835,0.02234,0.00509,0.469415,0.005392,0.0004,0.28209,4.610427,1.989674,0.000384,3.569603,0.019341
cpu,6,6,384,2,64,10.700544,1440.9,1.1333333333333333,1442.0333333333335,2.6518,7.2495810985565186,0.03061786069651742,32.660675084779626,22.64904307675247,16511533056,539277816293.6144,373970423.4485664,6.154190000000002,2.662105,2.032156,1.90499,0.116161,0.626423,0.018831,1.333992,0.006545,0.013249,0.007495,1.286977,0.410679,0.749899,0.0368,0.034921,0.022131,0.0262,0.406434,0.211097,0.010671,0.084179,0.09557,0.745996,0.251855,0.17746,0.306996,0.005221,0.436636,0.005216,0.000508,0.114124,6.017442,0.045782,0.000303,0.000191,0.017155
mps,6,6,384,2,64,10.700544,410.6666666666667,2483.0666666666666,2893.733333333333,2.6494,5.230679988861084,0.020470995024875614,48.8496039779618,16.88116987673195,16511533056,806581850854.6254,278733994.443611,4.1146699999999985,1.07941,0.746924,0.459157,0.00615,0.233847,0.043672,0.485785,0.001674,0.034232,0.030679,0.482182,0.374313,0.076217,0.010365,0.009964,0.003604,0.003516,0.370327,0.027049,0.008593,0.296715,0.033951,0.073622,0.019843,0.025303,0.021159,0.003821,0.469972,0.005288,0.000281,0.194407,2.178049,0.217041,0.000348,1.642609,0.013018
cpu,6,6,384,2,128,10.72512,2047.0,0.8666666666666667,2047.8666666666666,2.4852,9.08089804649353,0.039639054726368174,25.22764498051446,12.318988043092547,33249558528,838808058303.221,409600913.9445379,7.967450000000003,4.187837,3.078765,1.839105,0.135623,0.623274,0.021741,2.13272,0.007847,0.015464,0.007578,2.107919,0.698571,1.252038,0.044561,0.043353,0.030776,0.032469,0.694448,0.335279,0.010216,0.213095,0.130964,1.248221,0.426787,0.321938,0.490168,0.005135,0.439001,0.00521,0.00052,0.194414,7.751989,0.062737,0.000326,0.0,0.016551
mps,6,6,384,2,128,10.72512,354.76666666666665,3578.9666666666667,3933.7333333333336,2.4854,6.341156959533691,0.025930248756218913,38.56499833076872,9.803663609828336,33249558528,1282269169131.1167,325967486.98381096,5.211980000000001,1.190147,0.809521,0.49303,0.006883,0.246108,0.045725,0.539213,0.001945,0.037512,0.033474,0.535243,0.415022,0.085233,0.01137,0.011249,0.003793,0.003852,0.410625,0.030092,0.009119,0.328647,0.038396,0.08225,0.022992,0.028052,0.023276,0.004141,0.468342,0.005419,0.000322,0.280229,2.728347,0.606065,0.000343,2.028227,0.014226
cpu,6,6,384,2,256,10.774272,3570.9666666666667,0.9333333333333333,3571.9,2.545,13.716249942779541,0.0626961194029851,15.949950483735805,4.465396703081218,67405086720,1075107795535.9178,300990452.0103916,12.601920000000005,7.63905,5.809245,1.885487,0.165202,0.622469,0.025975,3.92579,0.011069,0.023622,0.009255,3.90286,1.414091,2.254922,0.064549,0.064635,0.047017,0.051258,1.408656,0.594151,0.010739,0.593531,0.205055,2.250544,0.786224,0.624437,0.829862,0.005604,0.447076,0.004155,0.000504,0.364087,12.216349,0.078716,0.000312,0.000191,0.017527
mps,6,6,384,2,256,10.774272,303.3333333333333,6197.2,6500.533333333333,2.545,8.789840936660767,0.03805671641791045,26.276570711428352,4.042217671077505,67405086720,1771174527508.0403,272466032.66009563,7.649399999999999,1.373403,0.967888,0.584533,0.007769,0.29477,0.050403,0.620754,0.002323,0.042731,0.037923,0.616054,0.475541,0.098385,0.013389,0.013719,0.004708,0.004541,0.470232,0.034751,0.010826,0.373996,0.045441,0.094826,0.026588,0.032029,0.026639,0.004992,0.472996,0.00627,0.000362,0.272923,4.087912,1.574659,0.000399,3.220224,0.016969
cpu,6,6,384,2,512,10.872576,3140.5333333333333,0.0,3140.5333333333333,inf,41.61878418922424,inf,0.0,0.0,138434052096,0.0,0.0,0.0,0.0,0.0,0.0,0.0,0.0,0.0,0.0,0.0,0.0,0.0,0.0,0.0,0.0,0.0,0.0,0.0,0.0,0.0,0.0,0.0,0.0,0.0,0.0,0.0,0.0,0.0,0.0,0.0,0.0,0.0,0.0,0.0,0.0,0.0,0.0,0.0
mps,6,6,384,2,512,10.872576,245.26666666666668,13106.533333333333,13351.8,inf,15.76301383972168,inf,0.0,0.0,138434052096,0.0,0.0,0.0,0.0,0.0,0.0,0.0,0.0,0.0,0.0,0.0,0.0,0.0,0.0,0.0,0.0,0.0,0.0,0.0,0.0,0.0,0.0,0.0,0.0,0.0,0.0,0.0,0.0,0.0,0.0,0.0,0.0,0.0,0.0,0.0,0.0,0.0,0.0,0.0
cpu,6,6,384,4,64,10.700544,1991.6,1.1333333333333333,1992.7333333333333,2.5207,9.303158044815063,0.04074432835820897,24.5432932703755,12.316396208077098,33023066112,810494796273.8148,406725166.2409161,8.189610000000004,4.123837,3.228584,1.916175,0.139801,0.645857,0.020495,2.093858,0.007968,0.016102,0.008017,2.053515,0.647602,1.246767,0.045618,0.044597,0.031321,0.031016,0.643048,0.330277,0.011158,0.14845,0.147968,1.242632,0.426273,0.322569,0.483801,0.00556,0.443547,0.005171,0.000512,0.182799,7.984838,0.066438,0.0003,0.000238,0.016551
mps,6,6,384,4,64,10.700544,355.06666666666666,3537.9,3892.9666666666667,2.5242,6.163632869720459,0.025062636815920396,39.90003156271154,10.249261033841767,33023066112,1317621380166.3098,338462024.7197021,5.03759,1.167138,0.800073,0.492522,0.006687,0.244995,0.046095,0.526399,0.001822,0.037252,0.033376,0.522481,0.406145,0.081595,0.010965,0.011338,0.003968,0.003795,0.401668,0.029408,0.009506,0.319801,0.03857,0.078635,0.022347,0.026994,0.021606,0.003982,0.460981,0.006285,0.000312,0.251469,2.640825,0.539979,0.000322,2.078533,0.014319
cpu,6,6,384,4,128,10.72512,3385.6666666666665,0.6666666666666666,3386.333333333333,2.47,13.632936000823975,0.0623237313432836,16.045252401399523,4.738237740348319,66499117056,1066995117633.7319,315088626.1345798,12.527070000000004,7.34584,5.815769,1.896675,0.157937,0.638242,0.024297,3.770446,0.011311,0.024395,0.009457,3.751278,1.230372,2.28592,0.063967,0.064693,0.047333,0.052545,1.22448,0.602421,0.010823,0.399896,0.206193,2.281831,0.800374,0.629285,0.841867,0.005924,0.438426,0.005299,0.000491,0.346875,12.159284,0.132576,0.000317,0.0,0.017574
mps,6,6,384,4,128,10.72512,301.0,5802.933333333333,6103.933333333333,2.47,8.354704141616821,0.03581751243781094,27.919303489774038,4.573985652383825,66499117056,1856609030888.473,304166007.3103364,7.199319999999999,1.359947,0.948948,0.567487,0.007612,0.287689,0.050344,0.61554,0.002215,0.042646,0.038136,0.611029,0.474422,0.096053,0.013053,0.012921,0.004575,0.004384,0.469168,0.034447,0.010641,0.374526,0.044357,0.092732,0.026224,0.031463,0.025798,0.004683,0.475737,0.005372,0.00036,0.272589,3.78758,1.325535,0.000354,3.047991,0.017574
cpu,6,6,384,4,256,10.774272,4366.4,0.26666666666666666,4366.666666666666,inf,22.868453979492188,inf,0.0,0.0,134810173440,0.0,0.0,0.0,0.0,0.0,0.0,0.0,0.0,0.0,0.0,0.0,0.0,0.0,0.0,0.0,0.0,0.0,0.0,0.0,0.0,0.0,0.0,0.0,0.0,0.0,0.0,0.0,0.0,0.0,0.0,0.0,0.0,0.0,0.0,0.0,0.0,0.0,0.0,0.0
mps,6,6,384,4,256,10.774272,553.0666666666667,11457.066666666668,12010.133333333335,2.6101,13.72383999824524,0.062483631840796014,16.004191346430233,1.3325573415585363,134810173440,2157527811179.2068,179642286.3342516,12.559209999999998,1.950081,1.331444,0.691707,0.010002,0.365528,0.068966,0.881377,0.002999,0.055846,0.049825,0.874642,0.680707,0.133476,0.019741,0.019439,0.007048,0.006579,0.672949,0.050517,0.015522,0.535259,0.064001,0.128633,0.035374,0.044657,0.035637,0.006937,0.462752,0.005353,0.000713,0.390643,6.576111,3.234717,0.000445,5.462646,0.02399
cpu,6,6,384,4,512,10.872576,4418.666666666667,0.3333333333333333,4419.0,inf,69.1788899898529,inf,0.0,0.0,276868104192,0.0,0.0,0.0,0.0,0.0,0.0,0.0,0.0,0.0,0.0,0.0,0.0,0.0,0.0,0.0,0.0,0.0,0.0,0.0,0.0,0.0,0.0,0.0,0.0,0.0,0.0,0.0,0.0,0.0,0.0,0.0,0.0,0.0,0.0,0.0,0.0,0.0,0.0,0.0
mps,6,6,384,4,512,10.872576,157.93333333333334,12846.966666666667,13004.9,inf,28.10175919532776,inf,0.0,0.0,276868104192,0.0,0.0,0.0,0.0,0.0,0.0,0.0,0.0,0.0,0.0,0.0,0.0,0.0,0.0,0.0,0.0,0.0,0.0,0.0,0.0,0.0,0.0,0.0,0.0,0.0,0.0,0.0,0.0,0.0,0.0,0.0,0.0,0.0,0.0,0.0,0.0,0.0,0.0,0.0
cpu,6,6,384,8,64,10.700544,3292.1666666666665,1.0,3293.1666666666665,2.2987,13.71141791343689,0.06182800995024877,16.173899189132424,4.911351542830839,66046132224,1068223484423.0864,324375773.396352,12.427430000000003,7.499864,5.67451,1.879798,0.199442,0.635958,0.023873,3.84122,0.011801,0.024746,0.009651,3.811661,1.164615,2.404058,0.066847,0.067518,0.047916,0.05407,1.158745,0.642647,0.011511,0.260748,0.2383,2.399794,0.846791,0.640001,0.902046,0.006174,0.45602,0.004162,0.000513,0.340604,12.063624,0.073097,0.000292,0.000191,0.017527
mps,6,6,384,8,64,10.700544,315.8666666666667,5737.666666666667,6053.533333333334,2.3039,8.224302053451538,0.03528646766169156,28.339475902985928,4.681476807426945,66046132224,1871712772647.4705,309193436.2269094,7.0925800000000025,1.384318,0.932389,0.559725,0.007489,0.281028,0.054301,0.631673,0.002301,0.044108,0.039449,0.626646,0.484622,0.099256,0.01389,0.013729,0.004664,0.004658,0.479231,0.036345,0.011229,0.379721,0.04659,0.095665,0.026997,0.032419,0.026726,0.004867,0.467743,0.006469,0.000381,0.39171,3.615604,1.182029,0.000344,2.962589,0.016969
cpu,6,6,384,8,128,10.72512,4239.166666666667,0.0,4239.166666666667,inf,21.74151086807251,inf,0.0,0.0,132998234112,0.0,0.0,0.0,0.0,0.0,0.0,0.0,0.0,0.0,0.0,0.0,0.0,0.0,0.0,0.0,0.0,0.0,0.0,0.0,0.0,0.0,0.0,0.0,0.0,0.0,0.0,0.0,0.0,0.0,0.0,0.0,0.0,0.0,0.0,0.0,0.0,0.0,0.0,0.0
mps,6,6,384,8,128,10.72512,274.8,10884.0,11158.8,2.4144,12.677388906478882,0.057314925373134325,17.447462305669124,1.5635608045371479,132998234112,2320481676389.6772,207950825.93017864,11.520299999999999,1.791705,1.257866,0.713231,0.00931,0.357942,0.060641,0.810002,0.002846,0.052729,0.046961,0.804043,0.622993,0.125785,0.018059,0.017411,0.006149,0.006045,0.615991,0.04623,0.01432,0.489508,0.059127,0.121133,0.034022,0.040777,0.034323,0.006329,0.461111,0.005335,0.00051,0.334388,5.965659,2.760355,0.000397,5.151653,0.024176
cpu,6,6,384,8,256,10.774272,4517.133333333333,0.6666666666666666,4517.8,inf,42.07240676879883,inf,0.0,0.0,269620346880,0.0,0.0,0.0,0.0,0.0,0.0,0.0,0.0,0.0,0.0,0.0,0.0,0.0,0.0,0.0,0.0,0.0,0.0,0.0,0.0,0.0,0.0,0.0,0.0,0.0,0.0,0.0,0.0,0.0,0.0,0.0,0.0,0.0,0.0,0.0,0.0,0.0,0.0,0.0
mps,6,6,384,8,256,10.774272,245.1,13572.433333333332,13817.533333333333,inf,23.965252161026,inf,0.0,0.0,269620346880,0.0,0.0,0.0,0.0,0.0,0.0,0.0,0.0,0.0,0.0,0.0,0.0,0.0,0.0,0.0,0.0,0.0,0.0,0.0,0.0,0.0,0.0,0.0,0.0,0.0,0.0,0.0,0.0,0.0,0.0,0.0,0.0,0.0,0.0,0.0,0.0,0.0,0.0,0.0
cpu,6,6,384,8,512,10.872576,3943.0333333333333,0.7333333333333333,3943.7666666666664,inf,123.43921113014221,inf,0.0,0.0,553736208384,0.0,0.0,0.0,0.0,0.0,0.0,0.0,0.0,0.0,0.0,0.0,0.0,0.0,0.0,0.0,0.0,0.0,0.0,0.0,0.0,0.0,0.0,0.0,0.0,0.0,0.0,0.0,0.0,0.0,0.0,0.0,0.0,0.0,0.0,0.0,0.0,0.0,0.0,0.0
mps,6,6,384,8,512,10.872576,261.1,12861.0,13122.1,inf,53.90536189079285,inf,0.0,0.0,553736208384,0.0,0.0,0.0,0.0,0.0,0.0,0.0,0.0,0.0,0.0,0.0,0.0,0.0,0.0,0.0,0.0,0.0,0.0,0.0,0.0,0.0,0.0,0.0,0.0,0.0,0.0,0.0,0.0,0.0,0.0,0.0,0.0,0.0,0.0,0.0,0.0,0.0,0.0,0.0
cpu,6,6,384,16,64,10.700544,4118.8,0.6666666666666666,4119.466666666667,inf,21.518789768218994,inf,0.0,0.0,132092264448,0.0,0.0,0.0,0.0,0.0,0.0,0.0,0.0,0.0,0.0,0.0,0.0,0.0,0.0,0.0,0.0,0.0,0.0,0.0,0.0,0.0,0.0,0.0,0.0,0.0,0.0,0.0,0.0,0.0,0.0,0.0,0.0,0.0,0.0,0.0,0.0,0.0,0.0,0.0
mps,6,6,384,16,64,10.700544,290.1,9494.933333333332,9785.033333333333,2.2225,12.919924974441528,0.05833069651741295,17.14363207889141,1.7520259251944035,132092264448,2264541182164.14,231429071.830531,11.724470000000002,1.763996,1.254551,0.712249,0.009291,0.363203,0.061647,0.79029,0.002808,0.0505,0.044794,0.784405,0.607533,0.122638,0.01755,0.017383,0.006153,0.005974,0.600863,0.045254,0.014313,0.476032,0.058487,0.118124,0.033339,0.039549,0.033438,0.006124,0.474339,0.007435,0.000517,0.358256,5.877878,2.678312,0.000447,6.444359,0.028267
cpu,6,6,384,16,128,10.72512,4054.266666666667,0.06666666666666667,4054.3333333333335,inf,44.50793504714966,inf,0.0,0.0,265996468224,0.0,0.0,0.0,0.0,0.0,0.0,0.0,0.0,0.0,0.0,0.0,0.0,0.0,0.0,0.0,0.0,0.0,0.0,0.0,0.0,0.0,0.0,0.0,0.0,0.0,0.0,0.0,0.0,0.0,0.0,0.0,0.0,0.0,0.0,0.0,0.0,0.0,0.0,0.0
mps,6,6,384,16,128,10.72512,146.4,7129.033333333334,7275.433333333333,inf,28.74943208694458,inf,0.0,0.0,265996468224,0.0,0.0,0.0,0.0,0.0,0.0,0.0,0.0,0.0,0.0,0.0,0.0,0.0,0.0,0.0,0.0,0.0,0.0,0.0,0.0,0.0,0.0,0.0,0.0,0.0,0.0,0.0,0.0,0.0,0.0,0.0,0.0,0.0,0.0,0.0,0.0,0.0,0.0,0.0
cpu,6,6,384,16,256,10.774272,3251.9666666666667,0.4666666666666667,3252.4333333333334,inf,98.6595778465271,inf,0.0,0.0,539240693760,0.0,0.0,0.0,0.0,0.0,0.0,0.0,0.0,0.0,0.0,0.0,0.0,0.0,0.0,0.0,0.0,0.0,0.0,0.0,0.0,0.0,0.0,0.0,0.0,0.0,0.0,0.0,0.0,0.0,0.0,0.0,0.0,0.0,0.0,0.0,0.0,0.0,0.0,0.0
mps,6,6,384,16,256,10.774272,178.1,6762.8,6940.900000000001,inf,56.73660492897034,inf,0.0,0.0,539240693760,0.0,0.0,0.0,0.0,0.0,0.0,0.0,0.0,0.0,0.0,0.0,0.0,0.0,0.0,0.0,0.0,0.0,0.0,0.0,0.0,0.0,0.0,0.0,0.0,0.0,0.0,0.0,0.0,0.0,0.0,0.0,0.0,0.0,0.0,0.0,0.0,0.0,0.0,0.0
cpu,6,6,384,16,512,10.872576,3772.133333333333,0.5333333333333333,3772.6666666666665,inf,219.07096910476685,inf,0.0,0.0,1107472416768,0.0,0.0,0.0,0.0,0.0,0.0,0.0,0.0,0.0,0.0,0.0,0.0,0.0,0.0,0.0,0.0,0.0,0.0,0.0,0.0,0.0,0.0,0.0,0.0,0.0,0.0,0.0,0.0,0.0,0.0,0.0,0.0,0.0,0.0,0.0,0.0,0.0,0.0,0.0
mps,6,6,384,16,512,10.872576,153.83333333333334,6381.866666666667,6535.7,inf,128.49123692512512,inf,0.0,0.0,1107472416768,0.0,0.0,0.0,0.0,0.0,0.0,0.0,0.0,0.0,0.0,0.0,0.0,0.0,0.0,0.0,0.0,0.0,0.0,0.0,0.0,0.0,0.0,0.0,0.0,0.0,0.0,0.0,0.0,0.0,0.0,0.0,0.0,0.0,0.0,0.0,0.0,0.0,0.0,0.0
cpu,6,6,384,32,64,10.700544,4346.033333333334,0.3333333333333333,4346.366666666667,inf,36.862853050231934,inf,0,0.0,264184528896,0,0.0,0.0,0.0,0.0,0.0,0.0,0.0,0.0,0.0,0.0,0.0,0.0,0.0,0.0,0.0,0.0,0.0,0.0,0.0,0.0,0.0,0.0,0.0,0.0,0.0,0.0,0.0,0.0,0.0,0.0,0.0,0.0,0.0,0.0,0.0,0.0,0.0,0.0
mps,6,6,384,32,64,10.700544,215.9,14053.066666666668,14268.966666666667,inf,20.466981172561646,inf,0,0.0,264184528896,0,0.0,0.0,0.0,0.0,0.0,0.0,0.0,0.0,0.0,0.0,0.0,0.0,0.0,0.0,0.0,0.0,0.0,0.0,0.0,0.0,0.0,0.0,0.0,0.0,0.0,0.0,0.0,0.0,0.0,0.0,0.0,0.0,0.0,0.0,0.0,0.0,0.0,0.0
cpu,6,6,384,32,128,10.72512,3686.2,0.7333333333333333,3686.933333333333,inf,102.77846074104309,inf,0,0.0,531992936448,0,0.0,0.0,0.0,0.0,0.0,0.0,0.0,0.0,0.0,0.0,0.0,0.0,0.0,0.0,0.0,0.0,0.0,0.0,0.0,0.0,0.0,0.0,0.0,0.0,0.0,0.0,0.0,0.0,0.0,0.0,0.0,0.0,0.0,0.0,0.0,0.0,0.0,0.0
mps,6,6,384,32,128,10.72512,122.2,14092.5,14214.7,inf,39.79974412918091,inf,0,0.0,531992936448,0,0.0,0.0,0.0,0.0,0.0,0.0,0.0,0.0,0.0,0.0,0.0,0.0,0.0,0.0,0.0,0.0,0.0,0.0,0.0,0.0,0.0,0.0,0.0,0.0,0.0,0.0,0.0,0.0,0.0,0.0,0.0,0.0,0.0,0.0,0.0,0.0,0.0,0.0
cpu,6,6,384,32,256,10.774272,4287.633333333333,0.4,4288.033333333333,inf,185.37818217277527,inf,0,0.0,1078481387520,0,0.0,0.0,0.0,0.0,0.0,0.0,0.0,0.0,0.0,0.0,0.0,0.0,0.0,0.0,0.0,0.0,0.0,0.0,0.0,0.0,0.0,0.0,0.0,0.0,0.0,0.0,0.0,0.0,0.0,0.0,0.0,0.0,0.0,0.0,0.0,0.0,0.0,0.0
mps,6,6,384,32,256,10.774272,168.93333333333334,15698.633333333333,15867.566666666666,inf,88.3422839641571,inf,0,0.0,1078481387520,0,0.0,0.0,0.0,0.0,0.0,0.0,0.0,0.0,0.0,0.0,0.0,0.0,0.0,0.0,0.0,0.0,0.0,0.0,0.0,0.0,0.0,0.0,0.0,0.0,0.0,0.0,0.0,0.0,0.0,0.0,0.0,0.0,0.0,0.0,0.0,0.0,0.0,0.0
cpu,6,6,384,32,512,10.872576,4997.033333333334,0.3333333333333333,4997.366666666667,inf,381.02387404441833,inf,0,0.0,2214944833536,0,0.0,0.0,0.0,0.0,0.0,0.0,0.0,0.0,0.0,0.0,0.0,0.0,0.0,0.0,0.0,0.0,0.0,0.0,0.0,0.0,0.0,0.0,0.0,0.0,0.0,0.0,0.0,0.0,0.0,0.0,0.0,0.0,0.0,0.0,0.0,0.0,0.0,0.0
mps,6,6,384,32,512,10.872576,202.96666666666667,14694.466666666667,14897.433333333334,inf,214.9745762348175,inf,0,0.0,2214944833536,0,0.0,0.0,0.0,0.0,0.0,0.0,0.0,0.0,0.0,0.0,0.0,0.0,0.0,0.0,0.0,0.0,0.0,0.0,0.0,0.0,0.0,0.0,0.0,0.0,0.0,0.0,0.0,0.0,0.0,0.0,0.0,0.0,0.0,0.0,0.0,0.0,0.0,0.0
